{
  "schema": "stampfly_calibration_profile",
  "version": 1,
  "name": "DroneX_Laboratory_20260713",
  "saved_at": 1783919137.2471848,
  "mag3d": {
    "valid": true,
    "offset": [
      37.78021240234375,
      193.96429443359375,
      -25.412424087524414
    ],
    "matrix": [
      [
        0.9615355730056763,
        -0.015197673812508583,
        -0.009020555764436722
      ],
      [
        -0.015197673812508583,
        1.001064658164978,
        -0.0031649882439523935
      ],
      [
        -0.009020555764436722,
        -0.0031649882439523935,
        1.041247010231018
      ]
    ]
  },
  "accel6": {
    "valid": true,
    "offset": [
      2.1220495909801684e-05,
      -0.0014814311871305108,
      0.0002941936254501343
    ],
    "scale": [
      1.0026068687438965,
      0.9996059536933899,
      1.0001285076141357
    ]
  },
  "attitude_mount": {
    "valid": true,
    "roll_rad": 0.019682496786117554,
    "pitch_rad": -0.006402797531336546
  },
  "yaw_zero": {
    "valid": true,
    "offset_rad": 1.4274293184280396
  },
  "geomag": {
    "valid": true,
    "declination_east_deg": -7.88482666015625,
    "inclination_deg": 49.331329345703125,
    "horizontal_uT": 30.879436492919922,
    "vertical_uT": 35.92723846435547,
    "total_uT": 47.36823272705078
  }
}