{
  "schema": "stampfly_calibration_profile",
  "version": 1,
  "name": "Drone3_Laboratory_20260710",
  "saved_at": 1783677216.5288024,
  "mag3d": {
    "valid": true,
    "offset": [
      112.36796569824219,
      -21.135345458984375,
      -19.830364227294922
    ],
    "matrix": [
      [
        0.9649609327316284,
        -0.03323778882622719,
        -0.0021838329266756773
      ],
      [
        -0.03323778882622719,
        0.9986072778701782,
        0.008209684863686562
      ],
      [
        -0.0021838329266756773,
        0.008209684863686562,
        1.0418599843978882
      ]
    ]
  },
  "accel6": {
    "valid": true,
    "offset": [
      -0.007894893176853657,
      0.006913500372320414,
      0.0015602832427248359
    ],
    "scale": [
      0.9969609379768372,
      0.9995126724243164,
      1.000002145767212
    ]
  },
  "attitude_mount": {
    "valid": true,
    "roll_rad": 0.008903304114937782,
    "pitch_rad": -0.01678861491382122
  },
  "yaw_zero": {
    "valid": true,
    "offset_rad": 1.1209214925765991
  },
  "geomag": {
    "valid": true,
    "declination_east_deg": -7.88482666015625,
    "inclination_deg": 49.331329345703125,
    "horizontal_uT": 30.879436492919922,
    "vertical_uT": 35.92723846435547,
    "total_uT": 47.36823272705078
  }
}